-- =============================================================
-- Тестовые данные для CatshrediasNews
-- Порядок вставки соответствует зависимостям внешних ключей
-- =============================================================

-- -------------------------------------------------------------
-- Roles (уже есть seed из миграции, используем UPSERT)
-- -------------------------------------------------------------
INSERT INTO "Roles" ("Id", "Name") VALUES
    (1, 'Admin'),
    (2, 'Moderator'),
    (3, 'User'),
    (4, 'Publicist')
ON CONFLICT ("Id") DO NOTHING;

-- -------------------------------------------------------------
-- PublicationStatuses (уже есть seed из миграции)
-- -------------------------------------------------------------
INSERT INTO "PublicationStatuses" ("Id", "Name") VALUES
    (1, 'Draft'),
    (2, 'PendingReview'),
    (3, 'Published'),
    (4, 'Rejected')
ON CONFLICT ("Id") DO NOTHING;

-- -------------------------------------------------------------
-- ReportTypes (уже есть seed из миграции)
-- -------------------------------------------------------------
INSERT INTO "ReportTypes" ("Id", "Name") VALUES
    (1, 'Spam'),
    (2, 'Hate'),
    (3, 'Fake'),
    (4, 'Violence'),
    (5, 'Copyright')
ON CONFLICT ("Id") DO NOTHING;

-- -------------------------------------------------------------
-- Tags
-- -------------------------------------------------------------
INSERT INTO "Tags" ("Id", "Name") VALUES
    (1, 'IT'),
    (2, 'Политика'),
    (3, 'Экономика'),
    (4, 'Спорт'),
    (5, 'Наука'),
    (6, 'Технологии'),
    (7, 'Здоровье')
ON CONFLICT ("Id") DO NOTHING;

-- -------------------------------------------------------------
-- RssSources
-- -------------------------------------------------------------
UPDATE "RssSources"
SET "IsEnabled" = false;

INSERT INTO "RssSources"
    ("Id", "Name", "Url", "IsTrusted", "IsEnabled", "LastFetchedAt", "SourceType",
     "LinkSelector", "TitleSelector", "ContentSelector", "DateSelector", "ImageSelector")
VALUES
    (1, 'Habr',                  'https://habr.com/ru/rss/articles/', true, false, null, 0, null, null, null, null, null),
    (2, 'РБК',                   'https://rbc.ru/rss/news',            true, false, null, 0, null, null, null, null, null),
    (3, 'Lenta.ru',              'https://lenta.ru/rss',               true, false, null, 0, null, null, null, null, null),
    (4, 'Ведомости',             'https://www.vedomosti.ru/',          true, false, null, 1, 'a[href*="/articles/"], a[href*="/news/"]', 'h1', 'article', 'time', 'article img'),
    (5, 'Дзен',                  'https://dzen.ru/rss',                true, false, null, 0, null, null, null, null, null),
    (6, 'Комсомольская правда',  'https://www.kp.ru/',                 true, false, null, 1, 'a[href*="/daily/"]', 'h1', 'main article', 'time', 'main article img')
ON CONFLICT ("Id") DO UPDATE SET
    "Name"            = EXCLUDED."Name",
    "Url"             = EXCLUDED."Url",
    "IsTrusted"       = EXCLUDED."IsTrusted",
    "IsEnabled"       = EXCLUDED."IsEnabled",
    "LastFetchedAt"   = EXCLUDED."LastFetchedAt",
    "SourceType"      = EXCLUDED."SourceType",
    "LinkSelector"    = EXCLUDED."LinkSelector",
    "TitleSelector"   = EXCLUDED."TitleSelector",
    "ContentSelector" = EXCLUDED."ContentSelector",
    "DateSelector"    = EXCLUDED."DateSelector",
    "ImageSelector"   = EXCLUDED."ImageSelector";

-- -------------------------------------------------------------
-- Users
-- Пароли захешированы BCrypt (значение: "password123")
-- EmailConfirmed = true чтобы можно было войти
-- -------------------------------------------------------------
INSERT INTO "Users" ("Id", "Username", "Email", "PasswordHash", "IsBlocked", "CreatedAt", "RoleId", "EmailConfirmed", "AvatarColor") VALUES
    (1, 'admin',       'admin@catshredias.ru',   '$2a$11$92IXUNpkjO0rOQ5byMi.Ye4oKoEa3Ro9llC/.og/at2uheWG/igi.', false, '2026-01-01 00:00:00+00', 1, true, '#546e7a'),
    (2, 'moderator1',  'moder1@catshredias.ru',  '$2a$11$92IXUNpkjO0rOQ5byMi.Ye4oKoEa3Ro9llC/.og/at2uheWG/igi.', false, '2026-01-05 00:00:00+00', 2, true, '#00897b'),
    (3, 'moderator2',  'moder2@catshredias.ru',  '$2a$11$92IXUNpkjO0rOQ5byMi.Ye4oKoEa3Ro9llC/.og/at2uheWG/igi.', false, '2026-01-06 00:00:00+00', 2, true, '#00897b'),
    (4, 'user_alex',   'alex@example.com',       '$2a$11$92IXUNpkjO0rOQ5byMi.Ye4oKoEa3Ro9llC/.og/at2uheWG/igi.', false, '2026-02-10 00:00:00+00', 3, true, '#1a73e8'),
    (5, 'user_maria',  'maria@example.com',      '$2a$11$92IXUNpkjO0rOQ5byMi.Ye4oKoEa3Ro9llC/.og/at2uheWG/igi.', false, '2026-02-15 00:00:00+00', 3, true, '#e53935'),
    (6, 'user_ivan',   'ivan@example.com',       '$2a$11$92IXUNpkjO0rOQ5byMi.Ye4oKoEa3Ro9llC/.og/at2uheWG/igi.', true,  '2026-03-01 00:00:00+00', 3, true, '#fb8c00'),
    (7, 'dev_sergey',  'sergey@example.com',     '$2a$11$92IXUNpkjO0rOQ5byMi.Ye4oKoEa3Ro9llC/.og/at2uheWG/igi.', false, '2026-03-10 00:00:00+00', 3, true, '#8e24aa'),
    (8, 'sport_kate',  'kate@example.com',       '$2a$11$92IXUNpkjO0rOQ5byMi.Ye4oKoEa3Ro9llC/.og/at2uheWG/igi.', false, '2026-03-15 00:00:00+00', 3, true, '#f06292'),
    (9, 'sci_dmitry',  'dmitry@example.com',     '$2a$11$92IXUNpkjO0rOQ5byMi.Ye4oKoEa3Ro9llC/.og/at2uheWG/igi.', false, '2026-03-20 00:00:00+00', 3, true, '#43a047'),
    (10,'publicist1',  'pub1@catshredias.ru',    '$2a$11$92IXUNpkjO0rOQ5byMi.Ye4oKoEa3Ro9llC/.og/at2uheWG/igi.', false, '2026-03-25 00:00:00+00', 4, true, '#1a73e8')
ON CONFLICT ("Id") DO UPDATE SET
    "PasswordHash"    = EXCLUDED."PasswordHash",
    "EmailConfirmed"  = EXCLUDED."EmailConfirmed";

-- -------------------------------------------------------------
-- Articles
-- -------------------------------------------------------------
INSERT INTO "Articles" ("Id", "Title", "Content", "SourceUrl", "PublishedAt", "CreatedAt", "StatusId", "RssSourceId", "AuthorId") VALUES
    -- IT / Технологии
    (1,  'Новый фреймворк от Microsoft',
         'Microsoft анонсировал новый фреймворк для разработки веб-приложений с улучшенной производительностью.',
         'https://habr.com/ru/articles/1', '2026-04-10 08:00:00+00', '2026-04-10 08:00:00+00', 3, 1, null),
    (9,  'Rust 2.0: что нового в языке системного программирования',
         'Команда Rust представила вторую мажорную версию языка с улучшенным borrow checker и async runtime.',
         'https://habr.com/ru/articles/9', '2026-04-17 08:00:00+00', '2026-04-17 08:00:00+00', 3, 1, null),
    (10, 'Docker Desktop 5.0: новые возможности контейнеризации',
         'Обзор ключевых изменений в Docker Desktop 5.0 — улучшенный UI, встроенный Kubernetes и снижение потребления памяти.',
         'https://habr.com/ru/articles/10', '2026-04-17 10:00:00+00', '2026-04-17 10:00:00+00', 3, 1, null),
    (11, 'TypeScript 6: строгая типизация для больших проектов',
         'Разбираем новые возможности TypeScript 6 — conditional types, template literal types и улучшенный inference.',
         'https://habr.com/ru/articles/11', '2026-04-18 09:00:00+00', '2026-04-18 09:00:00+00', 3, 1, null),
    (12, 'Kubernetes vs Docker Swarm в 2026 году',
         'Сравниваем два главных оркестратора контейнеров: производительность, экосистема, порог входа.',
         'https://habr.com/ru/articles/12', '2026-04-18 11:00:00+00', '2026-04-18 11:00:00+00', 3, 1, null),
    (13, 'PostgreSQL 17: что изменилось в любимой СУБД',
         'Новые возможности PostgreSQL 17 — логическая репликация, улучшенный планировщик запросов и JSON Path.',
         'https://habr.com/ru/articles/13', '2026-04-19 08:30:00+00', '2026-04-19 08:30:00+00', 3, 1, null),

    -- Экономика / Политика
    (2,  'ЦБ повысил ключевую ставку',
         'Центральный банк России принял решение повысить ключевую ставку до 17% годовых.',
         'https://rbc.ru/news/2', '2026-04-11 09:30:00+00', '2026-04-11 09:30:00+00', 3, 2, null),
    (14, 'Инфляция в России достигла 9% по итогам квартала',
         'Росстат опубликовал данные об инфляции за первый квартал 2026 года — рост цен ускорился до 9%.',
         'https://rbc.ru/news/14', '2026-04-17 12:00:00+00', '2026-04-17 12:00:00+00', 3, 2, null),
    (15, 'Государственный бюджет 2027: приоритеты расходов',
         'Минфин представил проект бюджета на 2027 год с акцентом на инфраструктуру и цифровизацию.',
         'https://rbc.ru/news/15', '2026-04-18 14:00:00+00', '2026-04-18 14:00:00+00', 3, 2, null),
    (16, 'Санкции и контрсанкции: итоги четырёх лет',
         'Аналитический обзор экономических последствий санкционного давления для российской экономики.',
         'https://vedomosti.ru/news/16', '2026-04-19 10:00:00+00', '2026-04-19 10:00:00+00', 3, 4, null),
    (17, 'Рубль укрепился на фоне роста нефтяных котировок',
         'Курс рубля вырос на 3% после того как нефть марки Brent превысила отметку $95 за баррель.',
         'https://rbc.ru/news/17', '2026-04-20 09:00:00+00', '2026-04-20 09:00:00+00', 3, 2, null),

    -- Спорт
    (3,  'Открытие нового стадиона в Москве',
         'В Москве состоялось торжественное открытие многофункционального спортивного комплекса.',
         'https://lenta.ru/news/3', '2026-04-12 12:00:00+00', '2026-04-12 12:00:00+00', 3, 3, null),
    (18, 'ЦСКА выиграл чемпионат России по футболу',
         'ЦСКА стал чемпионом России по футболу сезона 2025/2026, опередив Зенит на три очка.',
         'https://lenta.ru/news/18', '2026-04-17 18:00:00+00', '2026-04-17 18:00:00+00', 3, 3, null),
    (19, 'Российские теннисисты на Roland Garros 2026',
         'Обзор выступлений российских теннисистов на открытом чемпионате Франции по теннису.',
         'https://lenta.ru/news/19', '2026-04-18 16:00:00+00', '2026-04-18 16:00:00+00', 3, 3, null),
    (20, 'НХЛ плей-офф: Овечкин бьёт рекорды результативности',
         'Александр Овечкин установил новый рекорд результативности в плей-офф НХЛ, забив 100-й гол.',
         'https://lenta.ru/news/20', '2026-04-19 20:00:00+00', '2026-04-19 20:00:00+00', 3, 3, null),
    (21, 'Олимпиада 2028: Россия подала заявку на участие',
         'МОК рассматривает заявку России на участие в летних Олимпийских играх 2028 года в Лос-Анджелесе.',
         'https://lenta.ru/news/21', '2026-04-20 11:00:00+00', '2026-04-20 11:00:00+00', 3, 3, null),

    -- Наука / Технологии
    (4,  'Прорыв в квантовых вычислениях',
         'Учёные из MIT представили квантовый процессор с рекордным числом кубитов.',
         'https://dzen.ru/news/4', '2026-04-13 14:00:00+00', '2026-04-13 14:00:00+00', 3, 5, null),
    (22, 'Нейросеть научилась предсказывать структуру белков точнее AlphaFold',
         'Новая модель ProteinGPT от DeepMind превзошла AlphaFold по точности предсказания структуры белков.',
         'https://dzen.ru/news/22', '2026-04-17 09:00:00+00', '2026-04-17 09:00:00+00', 3, 5, null),
    (23, 'Марсоход Perseverance обнаружил следы органики',
         'NASA сообщило об обнаружении органических молекул в образцах грунта, собранных марсоходом Perseverance.',
         'https://dzen.ru/news/23', '2026-04-18 13:00:00+00', '2026-04-18 13:00:00+00', 3, 5, null),
    (24, 'Термоядерный реактор ITER вышел на первую плазму',
         'Международный проект ITER достиг исторической вехи — реактор впервые получил устойчивую плазму.',
         'https://dzen.ru/news/24', '2026-04-19 15:00:00+00', '2026-04-19 15:00:00+00', 3, 5, null),

    -- Здоровье
    (5,  'Новый метод лечения диабета',
         'Исследователи разработали инновационный метод лечения диабета второго типа без инъекций.',
         'https://lenta.ru/news/5', '2026-04-14 10:00:00+00', '2026-04-14 10:00:00+00', 3, 3, null),
    (25, 'ВОЗ предупреждает о новом штамме гриппа H5N2',
         'Всемирная организация здравоохранения выпустила предупреждение о распространении нового штамма гриппа.',
         'https://lenta.ru/news/25', '2026-04-18 08:00:00+00', '2026-04-18 08:00:00+00', 3, 3, null),
    (26, 'Учёные нашли связь между микробиомом кишечника и депрессией',
         'Новое исследование подтверждает влияние состава микробиома на психическое здоровье человека.',
         'https://dzen.ru/news/26', '2026-04-19 11:00:00+00', '2026-04-19 11:00:00+00', 3, 5, null),
    (27, 'Вакцина от рака лёгких прошла третью фазу испытаний',
         'mRNA-вакцина от немелкоклеточного рака лёгких показала эффективность 78% в третьей фазе клинических испытаний.',
         'https://lenta.ru/news/27', '2026-04-20 10:00:00+00', '2026-04-20 10:00:00+00', 3, 3, null),

    -- Статьи авторов
    (6,  'Моя статья об архитектуре микросервисов',
         'Разбираем паттерны проектирования микросервисной архитектуры на примере реального проекта.',
         null, '2026-04-15 11:00:00+00', '2026-04-15 11:00:00+00', 2, null, 4),
    (7,  'Обзор рынка криптовалют',
         'Анализ текущего состояния рынка криптовалют и прогнозы на ближайший квартал.',
         null, '2026-04-16 09:00:00+00', '2026-04-16 09:00:00+00', 1, null, 5),
    (8,  'Спорная статья о политике',
         'Содержимое данной статьи было признано нарушающим правила сообщества.',
         null, '2026-04-16 15:00:00+00', '2026-04-16 15:00:00+00', 4, null, 6),
    (28, 'Как я перешёл с Java на Kotlin и не пожалел',
         'Личный опыт миграции большого backend-проекта с Java 17 на Kotlin — подводные камни и преимущества.',
         null, '2026-04-19 12:00:00+00', '2026-04-19 12:00:00+00', 3, null, 10),
    (29, 'Введение в машинное обучение для разработчиков',
         'Практическое руководство по ML для backend-разработчиков: от линейной регрессии до нейросетей.',
         null, '2026-04-20 14:00:00+00', '2026-04-20 14:00:00+00', 3, null, 10)
ON CONFLICT ("Id") DO NOTHING;

-- -------------------------------------------------------------
-- ArticleTags
-- -------------------------------------------------------------
INSERT INTO "ArticleTags" ("ArticleId", "TagId") VALUES
    -- IT
    (1, 1), (1, 6),
    (9, 1), (9, 6),
    (10, 1), (10, 6),
    (11, 1), (11, 6),
    (12, 1), (12, 6),
    (13, 1),
    (28, 1), (28, 6),
    (29, 1), (29, 6),
    -- Экономика / Политика
    (2, 2), (2, 3),
    (14, 3),
    (15, 2), (15, 3),
    (16, 2), (16, 3),
    (17, 3),
    (7, 3),
    (8, 2),
    -- Спорт
    (3, 4),
    (18, 4),
    (19, 4),
    (20, 4),
    (21, 4),
    -- Наука / Технологии
    (4, 1), (4, 5), (4, 6),
    (22, 5), (22, 6),
    (23, 5),
    (24, 5), (24, 6),
    -- Здоровье
    (5, 5), (5, 7),
    (25, 7),
    (26, 5), (26, 7),
    (27, 7),
    -- Авторские
    (6, 1), (6, 6)
ON CONFLICT ("ArticleId", "TagId") DO NOTHING;

-- -------------------------------------------------------------
-- UserTagWeights
-- Профили с чёткими предпочтениями для проверки рекомендаций:
--   user_alex  (4) — IT + Технологии (высокий вес)
--   user_maria (5) — Экономика + Политика + Здоровье
--   user_ivan  (6) — Спорт (высокий вес)
--   dev_sergey (7) — IT + Наука (высокий вес)
--   sport_kate (8) — Спорт + Здоровье
--   sci_dmitry (9) — Наука + Технологии
-- -------------------------------------------------------------
INSERT INTO "UserTagWeights" ("UserId", "TagId", "Weight", "IsSubscribed") VALUES
    -- user_alex: IT-разработчик
    (4, 1, 4.5, true),
    (4, 6, 3.5, true),
    (4, 5, 1.5, false),
    (4, 3, 0.5, false),
    -- user_maria: экономист
    (5, 2, 3.5, true),
    (5, 3, 4.0, true),
    (5, 7, 2.0, true),
    (5, 1, 0.5, false),
    -- user_ivan: спортсмен
    (6, 4, 5.0, true),
    (6, 7, 1.5, false),
    (6, 1, 0.5, false),
    -- dev_sergey: разработчик + наука
    (7, 1, 5.0, true),
    (7, 5, 4.0, true),
    (7, 6, 3.5, true),
    (7, 3, 0.5, false),
    -- sport_kate: спорт + здоровье
    (8, 4, 4.5, true),
    (8, 7, 3.5, true),
    (8, 5, 1.0, false),
    -- sci_dmitry: наука + технологии
    (9, 5, 5.0, true),
    (9, 6, 4.0, true),
    (9, 1, 2.0, false),
    (9, 7, 1.5, false)
ON CONFLICT ("UserId", "TagId") DO NOTHING;

-- -------------------------------------------------------------
-- Likes
-- Лайки соответствуют предпочтениям пользователей
-- -------------------------------------------------------------
INSERT INTO "Likes" ("UserId", "ArticleId", "CreatedAt") VALUES
    -- user_alex лайкает IT-статьи
    (4, 1,  '2026-04-10 10:00:00+00'),
    (4, 4,  '2026-04-13 16:00:00+00'),
    (4, 9,  '2026-04-17 09:00:00+00'),
    (4, 10, '2026-04-17 11:00:00+00'),
    (4, 11, '2026-04-18 10:00:00+00'),
    (4, 28, '2026-04-19 13:00:00+00'),
    -- user_maria лайкает экономику и здоровье
    (5, 2,  '2026-04-11 11:00:00+00'),
    (5, 5,  '2026-04-14 12:00:00+00'),
    (5, 14, '2026-04-17 13:00:00+00'),
    (5, 15, '2026-04-18 15:00:00+00'),
    (5, 25, '2026-04-18 09:00:00+00'),
    (5, 26, '2026-04-19 12:00:00+00'),
    -- user_ivan лайкает спорт
    (6, 3,  '2026-04-12 14:00:00+00'),
    (6, 18, '2026-04-17 19:00:00+00'),
    (6, 19, '2026-04-18 17:00:00+00'),
    (6, 20, '2026-04-19 21:00:00+00'),
    -- dev_sergey лайкает IT + науку
    (7, 1,  '2026-04-10 12:00:00+00'),
    (7, 4,  '2026-04-13 15:00:00+00'),
    (7, 9,  '2026-04-17 10:00:00+00'),
    (7, 12, '2026-04-18 12:00:00+00'),
    (7, 22, '2026-04-17 10:00:00+00'),
    (7, 23, '2026-04-18 14:00:00+00'),
    (7, 29, '2026-04-20 15:00:00+00'),
    -- sport_kate лайкает спорт + здоровье
    (8, 3,  '2026-04-12 13:00:00+00'),
    (8, 18, '2026-04-17 20:00:00+00'),
    (8, 21, '2026-04-20 12:00:00+00'),
    (8, 5,  '2026-04-14 11:00:00+00'),
    (8, 27, '2026-04-20 11:00:00+00'),
    -- sci_dmitry лайкает науку + технологии
    (9, 4,  '2026-04-13 16:00:00+00'),
    (9, 22, '2026-04-17 10:00:00+00'),
    (9, 23, '2026-04-18 14:00:00+00'),
    (9, 24, '2026-04-19 16:00:00+00'),
    (9, 1,  '2026-04-10 09:00:00+00'),
    (9, 13, '2026-04-19 09:00:00+00')
ON CONFLICT ("UserId", "ArticleId") DO NOTHING;

-- -------------------------------------------------------------
-- SavedArticles
-- -------------------------------------------------------------
INSERT INTO "SavedArticles" ("UserId", "ArticleId", "SavedAt") VALUES
    (4, 1,  '2026-04-10 11:00:00+00'),
    (4, 9,  '2026-04-17 10:00:00+00'),
    (4, 11, '2026-04-18 11:00:00+00'),
    (4, 29, '2026-04-20 15:00:00+00'),
    (5, 2,  '2026-04-11 12:00:00+00'),
    (5, 14, '2026-04-17 14:00:00+00'),
    (5, 26, '2026-04-19 13:00:00+00'),
    (6, 3,  '2026-04-12 15:00:00+00'),
    (6, 18, '2026-04-17 20:00:00+00'),
    (7, 4,  '2026-04-13 17:00:00+00'),
    (7, 22, '2026-04-17 11:00:00+00'),
    (7, 29, '2026-04-20 16:00:00+00'),
    (8, 3,  '2026-04-12 14:00:00+00'),
    (8, 20, '2026-04-19 22:00:00+00'),
    (9, 23, '2026-04-18 15:00:00+00'),
    (9, 24, '2026-04-19 17:00:00+00')
ON CONFLICT ("UserId", "ArticleId") DO NOTHING;

-- -------------------------------------------------------------
-- Comments
-- -------------------------------------------------------------
INSERT INTO "Comments" ("Id", "Content", "CreatedAt", "UserId", "ArticleId", "ParentCommentId") VALUES
    (1,  'Отличная статья, давно ждал подобного материала!',          '2026-04-10 12:00:00+00', 4, 1,  null),
    (2,  'Согласен, особенно понравилась часть про производительность.', '2026-04-10 13:00:00+00', 7, 1,  1),
    (3,  'Интересно, как это повлияет на ипотечные ставки?',          '2026-04-11 10:00:00+00', 5, 2,  null),
    (4,  'Скорее всего ставки по ипотеке тоже вырастут.',             '2026-04-11 11:30:00+00', 4, 2,  3),
    (5,  'Был на открытии, очень впечатляет!',                        '2026-04-12 16:00:00+00', 6, 3,  null),
    (6,  'Квантовые вычисления — будущее уже здесь.',                 '2026-04-13 15:00:00+00', 7, 4,  null),
    (7,  'Хотелось бы увидеть практическое применение.',              '2026-04-13 16:30:00+00', 9, 4,  6),
    (8,  'Rust наконец-то добрался до второй версии!',                  '2026-04-17 09:30:00+00', 4, 9,  null),
    (9,  'Безопасность памяти в Rust — это киллер-фича.',                '2026-04-17 10:00:00+00', 7, 9,  8),
    (10, 'Наконец понял, чем Kubernetes лучше Swarm.',               '2026-04-18 12:00:00+00', 7, 12, null),
    (11, 'ЦСКА заслуженно чемпионы!',                              '2026-04-17 19:30:00+00', 6, 18, null),
    (12, 'Смотрел матч, атмосфера была невероятная!',                '2026-04-17 20:00:00+00', 8, 18, 11),
    (13, 'Органика на Марсе — это бы перевернуло всё!',             '2026-04-18 14:00:00+00', 9, 23, null),
    (14, 'Если подтвердят, будет открытие века.',                    '2026-04-18 15:00:00+00', 7, 23, 13),
    (15, 'Инфляция 9% — это ещё не предел.',                          '2026-04-17 13:00:00+00', 5, 14, null)
ON CONFLICT ("Id") DO NOTHING;

-- -------------------------------------------------------------
-- Reports
-- -------------------------------------------------------------
INSERT INTO "Reports" ("Id", "Description", "CreatedAt", "UserId", "ArticleId", "ReportTypeId") VALUES
    (1, 'Статья содержит недостоверную информацию.',  '2026-04-16 16:00:00+00', 4, 8, 3),
    (2, 'Разжигание ненависти.',                      '2026-04-16 16:30:00+00', 5, 8, 2),
    (3, 'Спам и реклама.',                            '2026-04-15 10:00:00+00', 6, 6, 1),
    (4, 'Нарушение авторских прав.',                  '2026-04-14 09:00:00+00', 4, 5, 5),
    (5, 'Агрессивный контент.',                       '2026-04-16 17:00:00+00', 5, 8, 4)
ON CONFLICT ("Id") DO NOTHING;

-- -------------------------------------------------------------
-- ModerationLogs
-- -------------------------------------------------------------
INSERT INTO "ModerationLogs" ("Id", "Action", "Reason", "CreatedAt", "ModeratorId", "ArticleId") VALUES
    (1,  'Approved', null,                                    '2026-04-10 09:00:00+00', 2, 1),
    (2,  'Approved', null,                                    '2026-04-11 10:00:00+00', 2, 2),
    (3,  'Approved', null,                                    '2026-04-12 11:00:00+00', 3, 3),
    (4,  'Approved', null,                                    '2026-04-13 13:00:00+00', 2, 4),
    (5,  'Approved', null,                                    '2026-04-14 09:30:00+00', 3, 5),
    (6,  'Rejected', 'Нарушение правил сообщества.',          '2026-04-16 16:00:00+00', 2, 8),
    (7,  'Approved', null,                                    '2026-04-17 09:00:00+00', 2, 9),
    (8,  'Approved', null,                                    '2026-04-17 11:00:00+00', 3, 10),
    (9,  'Approved', null,                                    '2026-04-18 10:00:00+00', 2, 11),
    (10, 'Approved', null,                                    '2026-04-18 12:00:00+00', 3, 12),
    (11, 'Approved', null,                                    '2026-04-19 09:00:00+00', 2, 13),
    (12, 'Approved', null,                                    '2026-04-17 13:00:00+00', 3, 14),
    (13, 'Approved', null,                                    '2026-04-18 15:00:00+00', 2, 15),
    (14, 'Approved', null,                                    '2026-04-19 11:00:00+00', 3, 16),
    (15, 'Approved', null,                                    '2026-04-20 10:00:00+00', 2, 17),
    (16, 'Approved', null,                                    '2026-04-17 19:00:00+00', 3, 18),
    (17, 'Approved', null,                                    '2026-04-18 17:00:00+00', 2, 19),
    (18, 'Approved', null,                                    '2026-04-19 21:00:00+00', 3, 20),
    (19, 'Approved', null,                                    '2026-04-20 12:00:00+00', 2, 21),
    (20, 'Approved', null,                                    '2026-04-17 10:00:00+00', 3, 22),
    (21, 'Approved', null,                                    '2026-04-18 14:00:00+00', 2, 23),
    (22, 'Approved', null,                                    '2026-04-19 16:00:00+00', 3, 24),
    (23, 'Approved', null,                                    '2026-04-18 09:00:00+00', 2, 25),
    (24, 'Approved', null,                                    '2026-04-19 12:00:00+00', 3, 26),
    (25, 'Approved', null,                                    '2026-04-20 11:00:00+00', 2, 27),
    (26, 'Approved', null,                                    '2026-04-19 13:00:00+00', 3, 28),
    (27, 'Approved', null,                                    '2026-04-20 15:00:00+00', 2, 29)
ON CONFLICT ("Id") DO NOTHING;

-- -------------------------------------------------------------
-- Сброс последовательностей после ручной вставки с явными Id
-- -------------------------------------------------------------
SELECT setval(pg_get_serial_sequence('"Tags"',            'Id'), (SELECT MAX("Id") FROM "Tags"));
SELECT setval(pg_get_serial_sequence('"RssSources"',      'Id'), (SELECT MAX("Id") FROM "RssSources"));
SELECT setval(pg_get_serial_sequence('"Users"',           'Id'), (SELECT MAX("Id") FROM "Users"));
SELECT setval(pg_get_serial_sequence('"Articles"',        'Id'), (SELECT MAX("Id") FROM "Articles"));
SELECT setval(pg_get_serial_sequence('"Comments"',        'Id'), (SELECT MAX("Id") FROM "Comments"));
SELECT setval(pg_get_serial_sequence('"Reports"',         'Id'), (SELECT MAX("Id") FROM "Reports"));
SELECT setval(pg_get_serial_sequence('"ModerationLogs"',  'Id'), (SELECT MAX("Id") FROM "ModerationLogs"));
SELECT setval(pg_get_serial_sequence('"ReportTypes"',     'Id'), (SELECT MAX("Id") FROM "ReportTypes"));
